City_ID,City,Country,Date,Lat,Lng,Max Temp,Humidity,Cloudiness,Wind Speed
0,Longyearbyen,SJ,2022-08-02 05:11:36,78.2186,15.6401,49.84,87,75,5.75
1,Awbari,LY,2022-08-02 05:11:37,26.5921,12.7805,80.73,23,0,4.0
2,Great Yarmouth,GB,2022-08-02 05:11:37,52.6083,1.7305,68.25,63,100,12.57
3,Port Alfred,ZA,2022-08-02 05:11:38,-33.5906,26.891,55.17,60,48,7.27
4,Cape Town,ZA,2022-08-02 05:09:04,-33.9258,18.4232,53.38,77,0,8.01
5,Butaritari,KI,2022-08-02 05:11:38,3.0707,172.7902,82.09,73,89,19.98
6,Qaanaaq,GL,2022-08-02 05:11:39,77.484,-69.3632,42.26,65,38,5.97
7,Tiksi,RU,2022-08-02 05:11:39,71.6872,128.8694,44.2,83,98,6.4
8,Labuhan,ID,2022-08-02 05:11:39,-6.8844,112.2051,87.4,61,79,10.69
9,Tuktoyaktuk,CA,2022-08-02 05:11:40,69.4541,-133.0374,47.52,81,100,12.68
10,Teya,RU,2022-08-02 05:11:40,60.3778,92.6267,53.24,87,100,3.96
11,Punta Arenas,CL,2022-08-02 05:11:41,-53.15,-70.9167,46.11,65,75,12.66
12,Emmett,US,2022-08-02 05:11:41,43.8735,-116.4993,91.29,27,100,16.33
13,Rikitea,PF,2022-08-02 05:11:42,-23.1203,-134.9692,73.27,74,24,24.7
14,Berdigestyakh,RU,2022-08-02 05:11:42,62.0989,126.6992,68.76,83,100,4.41
15,College,US,2022-08-02 05:11:43,64.8569,-147.8028,61.29,88,75,5.75
16,Yingkou,CN,2022-08-02 05:11:43,40.6648,122.2283,85.15,75,20,7.7
17,Naron,ES,2022-08-02 05:11:44,43.5167,-8.1528,65.25,94,12,6.96
18,Mataura,NZ,2022-08-02 05:11:44,-46.1927,168.8643,44.47,75,10,11.43
19,Aitape,PG,2022-08-02 05:11:44,-3.1374,142.3475,84.13,77,95,8.5
20,Tuatapere,NZ,2022-08-02 05:11:45,-46.1333,167.6833,49.73,89,61,9.75
21,Hermanus,ZA,2022-08-02 05:11:45,-34.4187,19.2345,42.8,64,0,7.65
22,Vaini,TO,2022-08-02 05:11:46,-21.2,-175.2,77.16,100,75,8.05
23,Tautira,PF,2022-08-02 05:11:46,-17.7333,-149.15,76.3,76,15,24.54
24,Kayerkan,RU,2022-08-02 05:11:46,69.3497,87.7602,50.52,76,27,18.21
25,Howell,US,2022-08-02 05:11:47,42.6073,-83.9294,71.78,88,75,3.44
26,Avarua,CK,2022-08-02 05:11:47,-21.2078,-159.775,75.25,60,100,6.91
27,Sao Filipe,CV,2022-08-02 05:11:48,14.8961,-24.4956,75.56,86,61,6.69
28,Hobart,AU,2022-08-02 05:10:38,-42.8794,147.3294,57.06,55,75,11.5
29,Escarcega,MX,2022-08-02 05:11:48,18.6089,-90.7454,74.48,89,98,4.56
30,Chokurdakh,RU,2022-08-02 05:11:49,70.6333,147.9167,57.56,63,92,4.94
31,Adrar,MR,2022-08-02 05:11:49,20.5022,-10.0711,84.43,45,45,16.42
32,Yar-Sale,RU,2022-08-02 05:11:50,66.8333,70.8333,64.78,53,26,3.98
33,Upernavik,GL,2022-08-02 05:11:50,72.7868,-56.1549,45.05,75,100,6.96
34,Lebu,CL,2022-08-02 05:11:51,-37.6167,-73.65,45.1,85,4,12.17
35,Saint-Joseph,RE,2022-08-02 05:11:51,-21.3667,55.6167,71.98,65,0,3.6
36,Barcelona,ES,2022-08-02 05:07:40,41.3888,2.159,82.33,68,20,8.05
37,Norman Wells,CA,2022-08-02 05:11:52,65.282,-126.8329,62.64,56,93,8.43
38,Ribeira Grande,PT,2022-08-02 05:11:53,38.5167,-28.7,73.96,74,3,11.65
39,Puerto Ayora,EC,2022-08-02 05:11:53,-0.7393,-90.3518,69.55,95,72,8.01
40,De-Kastri,RU,2022-08-02 05:11:54,51.4667,140.7833,58.5,97,100,11.18
41,Bida,NG,2022-08-02 05:11:54,9.0833,6.0167,71.94,96,100,2.84
42,Noyabrsk,RU,2022-08-02 05:11:54,63.1994,75.4507,61.75,49,14,16.22
43,Arraial Do Cabo,BR,2022-08-02 05:11:55,-22.9661,-42.0278,70.05,90,7,18.99
44,Katsuura,JP,2022-08-02 05:11:55,35.1333,140.3,87.22,73,100,15.52
45,Ushuaia,AR,2022-08-02 05:09:40,-54.8,-68.3,46.06,61,20,8.05
46,Oga,IT,2022-08-02 05:12:56,46.4631,10.347,53.8,83,95,3.44
47,Provideniya,RU,2022-08-02 05:12:57,64.3833,-173.3,46.51,93,75,8.95
48,Atuona,PF,2022-08-02 05:12:57,-9.8,-139.0333,77.45,73,15,16.06
49,Ossora,RU,2022-08-02 05:12:58,59.2353,163.0719,61.14,74,48,8.3
50,Kamenka,RU,2022-08-02 05:12:58,51.3223,42.7678,73.13,59,31,11.88
51,Lasa,IT,2022-08-02 05:12:59,46.6166,10.7002,58.37,82,97,2.77
52,Albany,US,2022-08-02 05:12:59,42.6001,-73.9662,72.01,81,37,3.98
53,Kapaa,US,2022-08-02 05:13:00,22.0752,-159.319,84.18,76,40,23.02
54,Jamestown,US,2022-08-02 05:12:06,42.097,-79.2353,70.02,75,75,11.5
55,Barrow,US,2022-08-02 05:13:00,71.2906,-156.7887,41.02,87,100,12.66
56,Wiwili,NI,2022-08-02 05:13:01,13.6268,-85.8254,70.9,98,90,4.41
57,Khatanga,RU,2022-08-02 05:13:01,71.9667,102.5,49.98,63,100,9.44
58,Alice Town,BS,2022-08-02 05:13:02,25.7167,-79.3,83.53,74,59,13.56
59,Ancud,CL,2022-08-02 05:13:02,-41.8697,-73.8203,42.22,86,11,3.74
60,Houma,US,2022-08-02 05:13:03,29.5958,-90.7195,77.0,95,0,1.01
61,Brae,GB,2022-08-02 05:13:03,60.3964,-1.353,55.13,97,100,16.84
62,Ponta Do Sol,PT,2022-08-02 05:13:03,32.6667,-17.1,70.0,76,6,6.58
63,Thompson,CA,2022-08-02 05:13:04,55.7435,-97.8558,53.08,57,96,2.62
64,Bambous Virieux,MU,2022-08-02 05:09:09,-20.3428,57.7575,73.22,78,75,2.3
65,Margate,GB,2022-08-02 05:13:05,51.3813,1.3862,64.31,91,100,4.0
66,Torbay,CA,2022-08-02 05:13:05,47.6666,-52.7314,63.88,83,100,6.8
67,Vao,NC,2022-08-02 05:13:05,-22.6667,167.4833,72.63,85,72,15.57
68,Cidreira,BR,2022-08-02 05:13:06,-30.1811,-50.2056,56.05,88,70,2.17
69,Saint-Philippe,RE,2022-08-02 05:13:06,-21.3585,55.7679,72.99,72,0,4.14
70,Kaitangata,NZ,2022-08-02 05:13:07,-46.2817,169.8464,53.73,59,13,11.34
71,Faanui,PF,2022-08-02 05:13:07,-16.4833,-151.75,78.08,73,2,22.37
72,Katangli,RU,2022-08-02 05:13:08,51.7102,143.2326,55.92,96,100,7.63
73,Egvekinot,RU,2022-08-02 05:13:08,66.3167,-179.1667,55.53,53,9,5.79
74,Mar Del Plata,AR,2022-08-02 05:13:08,-38.0023,-57.5575,49.87,78,0,7.0
75,Saint George,US,2022-08-02 05:13:09,37.1041,-113.5841,89.64,41,0,1.01
76,San Patricio,US,2022-08-02 05:13:09,28.017,-97.5169,84.88,75,1,15.26
77,Matara,LK,2022-08-02 05:13:10,5.9485,80.5353,80.69,81,88,18.01
78,De Aar,ZA,2022-08-02 05:13:10,-30.6497,24.0123,49.1,57,45,6.69
79,Baruun-Urt,MN,2022-08-02 05:13:10,46.6806,113.2792,84.54,38,7,1.81
80,Klaksvik,FO,2022-08-02 05:13:11,62.2266,-6.589,50.92,94,100,11.07
81,Batagay,RU,2022-08-02 05:13:11,67.6333,134.6333,54.43,90,100,6.78
82,Ixtapa,MX,2022-08-02 05:12:58,20.7,-105.2,78.22,83,100,11.5
83,Georgetown,MY,2022-08-02 05:11:36,5.4112,100.3354,85.95,74,20,9.22
84,Hilo,US,2022-08-02 05:13:12,19.7297,-155.09,75.27,84,40,3.44
85,Fortuna,US,2022-08-02 05:13:13,40.5982,-124.1573,61.66,86,0,0.0
86,Kibre Mengist,ET,2022-08-02 05:13:13,5.8833,38.9833,57.06,98,100,2.39
87,New Norfolk,AU,2022-08-02 05:13:14,-42.7826,147.0587,56.7,68,55,3.0
88,Bireun,ID,2022-08-02 05:13:14,5.203,96.7009,84.18,63,100,2.77
89,San Cristobal,VE,2022-08-02 05:10:52,7.7669,-72.225,69.98,94,100,3.49
90,Safaga,EG,2022-08-02 05:13:15,26.7292,33.9365,90.09,40,11,12.59
91,Mackay,AU,2022-08-02 05:14:15,-21.15,149.2,76.68,83,98,10.6
92,East London,ZA,2022-08-02 05:10:04,-33.0153,27.9116,55.31,56,28,6.55
93,Airai,TL,2022-08-02 05:11:02,-8.9266,125.4092,76.05,39,69,3.96
94,Namibe,AO,2022-08-02 05:14:16,-15.1961,12.1522,54.37,70,84,6.08
95,Peniche,PT,2022-08-02 05:14:16,39.3558,-9.3811,67.28,96,1,5.37
96,Port Shepstone,ZA,2022-08-02 05:14:17,-30.7414,30.455,56.89,79,55,7.52
97,Castro,BR,2022-08-02 05:14:17,-24.7911,-50.0119,55.9,78,57,1.5
98,Yellowknife,CA,2022-08-02 05:14:18,62.456,-114.3525,64.56,39,48,5.01
99,Ahipara,NZ,2022-08-02 05:14:18,-35.1667,173.1667,56.8,74,99,6.46
100,Fairbanks,US,2022-08-02 05:14:19,64.8378,-147.7164,61.3,90,75,5.75
101,Bairiki,KI,2022-08-02 05:14:19,1.3292,172.9752,84.2,70,20,16.11
102,Kangaatsiaq,GL,2022-08-02 05:14:19,68.3065,-53.4641,42.64,90,100,11.23
103,Tutoia,BR,2022-08-02 05:14:20,-2.7619,-42.2744,77.7,83,9,12.26
104,Moerai,PF,2022-08-02 05:14:20,-22.4333,-151.3333,72.95,65,51,13.8
105,Frankfort,ZA,2022-08-02 05:11:59,-27.2667,28.4833,43.5,97,63,5.41
106,Geraldton,AU,2022-08-02 05:14:21,-28.7667,114.6,64.81,59,75,25.32
107,Iquique,CL,2022-08-02 05:12:10,-20.2208,-70.1431,59.04,81,44,1.28
108,Preeceville,CA,2022-08-02 05:14:22,51.95,-102.6677,55.09,77,13,7.07
109,Port Elizabeth,ZA,2022-08-02 05:14:22,-33.918,25.5701,53.6,57,87,6.11
110,Pevek,RU,2022-08-02 05:14:22,69.7008,170.3133,50.54,61,100,14.32
111,Souillac,MU,2022-08-02 05:14:23,-20.5167,57.5167,71.98,78,75,2.3
112,Manoharpur,IN,2022-08-02 05:14:23,27.3,75.95,86.9,65,27,8.37
113,Sambava,MG,2022-08-02 05:14:24,-14.2667,50.1667,71.26,77,28,12.1
114,Alugan,PH,2022-08-02 05:14:24,12.2188,125.4808,85.06,67,99,5.97
115,Victoria,HK,2022-08-02 05:12:05,22.2855,114.1577,95.05,72,72,5.01
116,Lagoa,PT,2022-08-02 05:14:25,39.05,-27.9833,73.35,74,52,13.33
117,Bredasdorp,ZA,2022-08-02 05:14:25,-34.5322,20.0403,43.88,85,0,2.95
118,Acarau,BR,2022-08-02 05:14:26,-2.8856,-40.12,77.95,81,47,16.26
119,Zalesovo,RU,2022-08-02 05:14:26,53.9939,84.7431,59.7,88,98,7.31
120,Kruisfontein,ZA,2022-08-02 05:14:27,-34.0033,24.7314,50.0,46,88,5.91
121,Bluff,NZ,2022-08-02 05:14:27,-46.6,168.3333,44.8,79,41,22.35
122,Vila Franca Do Campo,PT,2022-08-02 05:14:27,37.7167,-25.4333,66.61,86,17,2.39
123,Sibu,MY,2022-08-02 05:14:28,2.3,111.8167,85.8,65,100,2.15
124,Aklavik,CA,2022-08-02 05:14:28,68.2191,-135.0107,61.59,59,100,9.35
125,Aykhal,RU,2022-08-02 05:14:29,66.0,111.5,47.3,88,100,17.18
126,Mana,GF,2022-08-02 05:14:29,5.6592,-53.7767,75.76,90,75,6.6
127,Statesboro,US,2022-08-02 05:14:29,32.4488,-81.7832,81.48,83,0,0.0
128,Talaya,RU,2022-08-02 05:14:30,61.3833,152.75,70.72,52,57,10.83
129,Juneau,US,2022-08-02 05:14:30,58.3019,-134.4197,58.84,98,100,8.05
130,Yumen,CN,2022-08-02 05:14:31,40.2833,97.2,79.2,40,79,15.46
131,Luderitz,NA,2022-08-02 05:14:31,-26.6481,15.1594,51.48,83,13,1.68
132,Vyartsilya,RU,2022-08-02 05:14:32,62.1764,30.693,55.69,98,100,6.42
133,Ola,RU,2022-08-02 05:14:32,59.5833,151.2833,62.15,84,60,17.29
134,Awjilah,LY,2022-08-02 05:14:33,29.1081,21.2869,78.04,65,0,10.25
135,Torrington,US,2022-08-02 05:14:33,41.8007,-73.1212,68.61,96,0,4.0
136,Busselton,AU,2022-08-02 05:14:33,-33.65,115.3333,54.46,73,96,24.99
137,Bakchar,RU,2022-08-02 05:15:34,57.0186,82.0711,65.79,46,2,7.63
138,Henties Bay,NA,2022-08-02 05:15:34,-22.116,14.2845,51.28,74,0,5.48
139,Vardo,NO,2022-08-02 05:15:35,70.3705,31.1107,53.58,94,40,2.3
140,Salalah,OM,2022-08-02 05:15:35,17.0151,54.0924,75.29,100,100,3.44
141,Kholmy,UA,2022-08-02 05:15:35,51.871,32.6006,65.84,64,99,6.91
142,Ostrovnoy,RU,2022-08-02 05:15:36,68.0531,39.5131,55.51,91,100,14.34
143,Kodiak,US,2022-08-02 05:15:36,57.79,-152.4072,62.11,51,0,11.5
144,Gardiner,US,2022-08-02 05:15:37,44.2301,-69.7753,68.95,93,75,6.91
145,Mahebourg,MU,2022-08-02 05:15:38,-20.4081,57.7,73.26,78,75,2.3
146,Lampazos De Naranjo,MX,2022-08-02 05:15:38,27.0167,-100.5167,84.15,53,0,14.74
147,Chitungwiza,ZW,2022-08-02 05:15:39,-18.0127,31.0756,46.13,68,0,6.98
148,Vila Velha,BR,2022-08-02 05:15:39,-20.3297,-40.2925,71.55,89,75,4.61
149,Saint-Pierre,RE,2022-08-02 05:13:11,-21.3393,55.4781,74.91,52,0,4.61
150,Boda,CF,2022-08-02 05:15:40,4.3189,17.4695,70.09,91,100,3.47
151,Gladstone,AU,2022-08-02 05:13:09,-23.85,151.25,74.79,53,75,5.75
152,Liku,ID,2022-08-02 05:15:40,-0.7275,119.8922,83.75,76,85,1.86
153,Chuy,UY,2022-08-02 05:15:41,-33.6971,-53.4616,51.71,94,46,2.89
154,Hamilton,US,2022-08-02 05:15:41,39.1834,-84.5333,78.24,91,0,9.22
155,Porto Nacional,BR,2022-08-02 05:15:41,-10.7081,-48.4172,71.6,41,10,1.36
156,Taylor,US,2022-08-02 05:15:42,32.3001,-99.8337,89.06,39,0,12.66
157,Hithadhoo,MV,2022-08-02 05:15:42,-0.6,73.0833,80.89,72,65,13.49
158,Kon Tum,VN,2022-08-02 05:15:43,14.35,108.0,84.97,64,77,2.64
159,Castro Verde,PT,2022-08-02 05:15:43,37.6983,-8.0858,60.22,48,0,1.39
160,Dikson,RU,2022-08-02 05:15:43,73.5069,80.5464,41.59,87,100,5.44
161,Narsaq,GL,2022-08-02 05:15:44,60.9167,-46.05,46.62,73,100,1.43
162,Amga,RU,2022-08-02 05:15:44,60.8953,131.9608,72.88,84,89,6.02
163,Dumai,ID,2022-08-02 05:15:45,1.6833,101.45,82.54,85,100,3.44
164,Petropavlovsk-Kamchatskiy,RU,2022-08-02 05:15:45,53.0452,158.6483,66.79,64,75,11.18
165,Baykit,RU,2022-08-02 05:15:46,61.67,96.37,69.62,43,18,2.82
166,Meulaboh,ID,2022-08-02 05:15:46,4.1363,96.1285,78.82,88,100,11.92
167,Tasiilaq,GL,2022-08-02 05:15:46,65.6145,-37.6368,42.96,67,3,4.41
168,Kahului,US,2022-08-02 05:15:47,20.8947,-156.47,78.82,70,40,13.8
169,Salinopolis,BR,2022-08-02 05:11:37,-0.6136,-47.3561,78.28,87,97,8.97
170,Port Moresby,PG,2022-08-02 05:15:47,-9.4431,147.1797,87.22,66,40,17.27
171,Jackson,US,2022-08-02 05:15:48,42.4165,-122.8345,81.55,69,75,0.0
172,Flinders,AU,2022-08-02 05:15:49,-34.5833,150.8552,70.18,50,0,4.0
173,Tortoli,IT,2022-08-02 05:15:49,39.9256,9.6572,76.82,44,0,10.36
174,Porto Novo,BJ,2022-08-02 05:15:50,6.4965,2.6036,73.44,81,100,6.26
175,Nizwa,OM,2022-08-02 05:15:50,22.9333,57.5333,91.44,47,11,1.92
176,Yinchuan,CN,2022-08-02 05:15:50,38.4681,106.2731,90.99,32,100,8.5
177,Harboore,DK,2022-08-02 05:15:51,56.6175,8.1807,53.19,72,100,14.14
178,Nikolskoye,RU,2022-08-02 05:15:51,59.7035,30.7861,66.87,96,100,8.84
179,Urumqi,CN,2022-08-02 05:15:52,43.801,87.6005,85.15,33,0,8.95
180,Lautaro,CL,2022-08-02 05:15:52,-38.5167,-72.45,30.18,95,0,2.33
181,Kalianget,ID,2022-08-02 05:16:53,-7.05,113.9333,84.0,72,89,13.38
182,Cadiz,ES,2022-08-02 05:16:53,36.5,-5.75,76.14,82,0,6.02
183,Ofaqim,IL,2022-08-02 05:16:53,31.3141,34.6203,78.71,80,19,5.12
184,Goundam,ML,2022-08-02 05:16:54,16.4145,-3.6708,81.99,57,72,13.8
185,Westport,US,2022-08-02 05:13:39,41.1415,-73.3579,72.07,94,20,5.75
186,Grindavik,IS,2022-08-02 05:16:54,63.8424,-22.4338,46.87,76,75,17.27
187,Mayo,US,2022-08-02 05:16:55,38.8876,-76.5119,77.99,88,21,3.0
188,Coahuayana,MX,2022-08-02 05:16:55,18.7333,-103.6833,79.86,87,80,1.34
189,Port-Gentil,GA,2022-08-02 05:16:56,-0.7193,8.7815,71.56,88,40,4.61
190,Dengfeng,CN,2022-08-02 05:16:56,34.4553,113.0281,90.57,48,12,7.85
191,Digha,IN,2022-08-02 05:16:56,21.6833,87.55,90.61,60,100,8.23
192,Hihya,EG,2022-08-02 05:16:57,30.6713,31.588,78.71,67,0,5.66
193,Comodoro Rivadavia,AR,2022-08-02 05:12:42,-45.8667,-67.5,42.66,52,0,5.75
194,Nador,MA,2022-08-02 05:16:58,35.174,-2.9287,79.05,83,40,4.61
195,Sabang,ID,2022-08-02 05:16:58,5.8933,95.3214,79.43,84,100,26.69
196,Clarence Town,AU,2022-08-02 05:16:58,-32.5833,151.7833,68.61,45,0,4.27
197,Kavieng,PG,2022-08-02 05:16:59,-2.5744,150.7967,83.07,76,99,16.02
198,Bluefield,US,2022-08-02 05:16:59,37.2698,-81.2223,70.79,88,40,8.05
199,Visim,RU,2022-08-02 05:17:00,57.6488,59.5014,62.4,61,100,7.25
200,Temirtau,KZ,2022-08-02 05:17:00,50.0544,72.9483,74.55,52,57,10.02
201,Rawson,AR,2022-08-02 05:17:01,-43.3002,-65.1023,42.19,58,15,8.5
202,Blagoyevo,RU,2022-08-02 05:17:01,63.3667,47.9167,66.34,55,4,3.94
203,Ipu,BR,2022-08-02 05:14:00,-4.3222,-40.7108,70.84,58,10,1.05
204,Makat,KZ,2022-08-02 05:17:02,47.6469,53.3463,84.97,33,1,12.59
205,Itanhaem,BR,2022-08-02 05:17:03,-24.1831,-46.7889,62.92,88,11,2.26
206,Masunga,BW,2022-08-02 05:17:03,-20.6246,27.4488,52.45,78,5,15.99
207,Wawa,NG,2022-08-02 05:17:04,9.9022,4.4192,70.29,90,97,5.23
208,Burriana,ES,2022-08-02 05:17:04,39.889,-0.085,78.69,72,0,1.68
209,Sao Joao Da Barra,BR,2022-08-02 05:17:05,-21.6403,-41.0511,70.25,90,16,13.15
210,La Ronge,CA,2022-08-02 05:17:05,55.1001,-105.2842,66.45,55,100,5.75
211,Kalabo,ZM,2022-08-02 05:17:06,-14.97,22.6814,57.97,40,1,10.51
212,Cockburn Town,TC,2022-08-02 05:17:06,21.4612,-71.1419,82.72,74,25,9.33
213,Quesnel,CA,2022-08-02 05:15:21,52.9999,-122.5029,70.3,43,20,8.05
214,Carballo,ES,2022-08-02 05:17:07,43.213,-8.691,67.01,98,24,2.17
215,Mufumbwe,ZM,2022-08-02 05:17:07,-13.6833,24.8,54.72,59,2,7.94
216,Lorengau,PG,2022-08-02 05:17:08,-2.0226,147.2712,83.19,77,46,11.12
217,Haines Junction,CA,2022-08-02 05:17:08,60.7522,-137.5108,57.15,62,100,5.75
218,Bathsheba,BB,2022-08-02 05:17:09,13.2167,-59.5167,81.21,90,20,18.41
219,Castanos,MX,2022-08-02 05:17:09,26.7833,-101.4167,87.35,39,46,10.0
220,Palmer,US,2022-08-02 05:12:54,42.1584,-72.3287,69.51,87,100,5.75
221,Okhotsk,RU,2022-08-02 05:17:10,59.3833,143.3,62.67,77,78,4.47
222,Saldanha,ZA,2022-08-02 05:17:11,-33.0117,17.9442,48.25,70,7,11.88
223,Hit,IQ,2022-08-02 05:18:11,33.6416,42.8251,99.82,17,0,1.3
224,Sola,VU,2022-08-02 05:18:12,-13.8833,167.55,80.69,78,13,17.63
225,Harnosand,SE,2022-08-02 05:18:12,62.6323,17.9379,53.01,79,81,13.73
226,Chernaya Kholunitsa,RU,2022-08-02 05:18:12,58.8511,51.7154,66.29,77,30,3.65
227,Black River,JM,2022-08-02 05:18:13,18.0264,-77.8487,79.09,88,20,4.0
228,Erechim,BR,2022-08-02 05:18:13,-27.6342,-52.2739,52.63,91,14,2.55
229,Georgiyevka,KZ,2022-08-02 05:18:14,43.0369,74.7114,84.24,34,0,6.71
230,Marystown,CA,2022-08-02 05:18:14,47.1666,-55.1483,63.86,100,100,3.42
231,Viedma,AR,2022-08-02 05:18:15,-40.8135,-62.9967,43.88,87,48,4.9
232,Qianguo,CN,2022-08-02 05:18:15,45.1171,124.8568,91.87,49,68,5.91
233,Shobu,JP,2022-08-02 05:18:16,36.0667,139.6,102.9,30,73,1.66
234,Yerofey Pavlovich,RU,2022-08-02 05:18:16,53.9667,121.9667,77.7,52,93,5.73
235,Nanortalik,GL,2022-08-02 05:18:17,60.1432,-45.2371,45.32,76,100,10.74
236,Severo-Kurilsk,RU,2022-08-02 05:18:17,50.6789,156.125,56.23,80,24,5.3
237,Sioux Lookout,CA,2022-08-02 05:18:17,50.1001,-91.917,57.27,100,40,0.0
238,Port Hardy,CA,2022-08-02 05:18:18,50.6996,-127.4199,57.38,82,20,8.05
239,Otradnoye,RU,2022-08-02 05:18:18,59.7775,30.8181,67.03,96,100,8.9
240,Polunochnoye,RU,2022-08-02 05:18:19,60.8697,60.4153,67.21,45,12,2.75
241,Luoyang,CN,2022-08-02 05:18:19,34.6836,112.4536,94.84,42,4,6.78
242,Ponca City,US,2022-08-02 05:18:19,36.707,-97.0856,84.16,64,0,10.36
243,Temir,KZ,2022-08-02 05:18:20,49.1414,57.13,75.85,47,65,8.34
244,Tessalit,ML,2022-08-02 05:18:20,20.1986,1.0114,87.39,42,7,21.07
245,Taltal,CL,2022-08-02 05:18:21,-25.4,-70.4833,55.45,83,8,0.49
246,Torit,SS,2022-08-02 05:18:21,4.4133,32.5678,67.46,96,100,1.74
247,Guerrero Negro,MX,2022-08-02 05:18:22,27.9769,-114.0611,72.54,75,0,13.56
248,Custodia,BR,2022-08-02 05:18:22,-8.0875,-37.6431,59.54,96,3,4.9
249,Calvinia,ZA,2022-08-02 05:18:23,-31.4707,19.776,51.87,67,99,8.32
250,Anadyr,RU,2022-08-02 05:18:23,64.75,177.4833,66.7,45,0,6.71
251,Kloulklubed,PW,2022-08-02 05:18:23,7.0419,134.2556,82.9,76,96,10.63
252,Port Hedland,AU,2022-08-02 05:18:24,-20.3167,118.5667,75.25,88,100,12.66
253,Venado Tuerto,AR,2022-08-02 05:18:24,-33.7456,-61.9688,50.77,74,100,7.07
254,Mondragone,IT,2022-08-02 05:18:25,41.1141,13.8935,82.0,42,0,6.96
255,Sisimiut,GL,2022-08-02 05:18:25,66.9395,-53.6735,47.64,75,98,1.68
256,Jiangyou,CN,2022-08-02 05:18:26,31.7667,104.7167,84.52,67,58,5.75
257,Lompoc,US,2022-08-02 05:18:26,34.6391,-120.4579,73.54,92,0,3.44
258,Bethel,US,2022-08-02 05:18:26,41.3712,-73.414,70.11,95,0,0.0
259,Tambura,SS,2022-08-02 05:18:27,5.6,27.4667,66.54,94,100,3.18
260,Ukiah,US,2022-08-02 05:18:27,39.1502,-123.2078,74.64,74,0,0.0
261,Vila,PT,2022-08-02 05:18:28,42.0304,-8.1588,59.88,57,0,4.03
262,Povenets,RU,2022-08-02 05:18:28,62.8487,34.8262,57.38,96,100,14.14
263,Coos Bay,US,2022-08-02 05:15:50,43.3665,-124.2179,61.32,100,100,3.44
264,Muncar,ID,2022-08-02 05:18:29,-8.4333,114.3333,83.66,71,74,8.95
265,Sept-Iles,CA,2022-08-02 05:16:09,50.2001,-66.3821,63.12,92,75,5.75
266,Hami,CN,2022-08-02 05:18:29,42.8,93.45,95.88,19,73,11.88
267,Pacific Grove,US,2022-08-02 05:16:32,36.6177,-121.9166,69.21,84,0,3.44
268,Soe,ID,2022-08-02 05:18:30,-9.8607,124.284,81.72,40,100,7.78
269,Kaeo,NZ,2022-08-02 05:14:20,-35.1,173.7833,58.32,79,85,6.49
270,Seydi,TM,2022-08-02 05:19:31,39.4816,62.9137,90.37,18,19,13.6
271,Evensk,RU,2022-08-02 05:19:31,61.95,159.2333,53.44,92,99,10.04
272,Freeport,US,2022-08-02 05:16:42,40.6576,-73.5832,73.02,84,0,10.36
273,Muros,ES,2022-08-02 05:19:32,42.7762,-9.0603,68.09,81,0,6.4
274,Umm Lajj,SA,2022-08-02 05:19:32,25.0213,37.2685,87.46,49,59,5.39
275,Tarakan,ID,2022-08-02 05:19:33,3.3,117.6333,87.3,70,40,6.91
276,Beloha,MG,2022-08-02 05:19:33,-25.1667,45.05,66.0,59,81,11.68
277,Porto Walter,BR,2022-08-02 05:19:34,-8.2686,-72.7439,72.88,94,92,1.81
278,Waingapu,ID,2022-08-02 05:19:34,-9.6567,120.2641,85.17,62,93,15.08
279,Carnarvon,AU,2022-08-02 05:19:35,-24.8667,113.6333,67.57,52,92,16.06
280,Padang,ID,2022-08-02 05:19:35,-0.9492,100.3543,83.86,68,100,4.05
281,Atherton,GB,2022-08-02 05:19:35,53.5237,-2.4935,67.21,97,100,1.99
282,Deputatskiy,RU,2022-08-02 05:19:36,69.3,139.9,47.75,95,100,3.13
283,Lavrentiya,RU,2022-08-02 05:19:36,65.5833,-171.0,50.81,73,48,5.59
284,Sorland,NO,2022-08-02 05:19:37,67.667,12.6934,51.66,74,100,10.6
285,Port Keats,AU,2022-08-02 05:19:37,-14.25,129.55,83.34,46,27,10.25
286,Berlevag,NO,2022-08-02 05:19:38,70.8578,29.0864,59.0,93,2,2.3
287,Lethem,GY,2022-08-02 05:19:38,3.3803,-59.7968,74.48,92,100,5.64
288,Hualmay,PE,2022-08-02 05:19:38,-11.0964,-77.6139,61.36,84,46,7.74
289,Saskylakh,RU,2022-08-02 05:19:39,71.9167,114.0833,46.11,61,100,11.45
290,Kenner,US,2022-08-02 05:18:48,29.9941,-90.2417,78.01,85,75,3.0
291,Virginia Beach,US,2022-08-02 05:15:22,36.8529,-75.978,78.01,94,40,9.22
292,Berberati,CF,2022-08-02 05:19:40,4.2612,15.7922,66.69,96,100,3.18
293,Tynec Nad Sazavou,CZ,2022-08-02 05:19:40,49.8335,14.5898,66.29,94,58,2.01
294,Hasaki,JP,2022-08-02 05:19:41,35.7333,140.8333,97.2,74,100,11.21
295,Longhua,CN,2022-08-02 05:19:41,23.6137,114.1919,100.11,41,37,0.83
296,Darhan,MN,2022-08-02 05:19:42,49.4867,105.9228,85.24,40,80,14.72
297,Bengkulu,ID,2022-08-02 05:19:42,-3.8004,102.2655,83.08,72,78,6.62
298,Ishigaki,JP,2022-08-02 05:19:42,24.3448,124.1572,87.93,79,20,12.66
299,Sicamous,CA,2022-08-02 05:19:43,50.8331,-118.9856,81.57,69,38,3.13
300,Yulara,AU,2022-08-02 05:19:43,-25.2406,130.9889,78.64,19,75,28.77
301,Kafue,ZM,2022-08-02 05:19:44,-15.7691,28.1814,54.99,71,0,8.72
302,Parksville,CA,2022-08-02 05:15:13,49.3163,-124.3195,71.24,72,1,25.32
303,Ransang,PH,2022-08-02 05:19:44,8.9603,117.5828,86.59,68,100,3.53
304,Zhigansk,RU,2022-08-02 05:19:45,66.7697,123.3711,61.99,49,80,20.92
305,Loukhi,RU,2022-08-02 05:19:45,66.0764,33.0381,62.83,70,98,5.39
306,Bokaa,BW,2022-08-02 05:19:46,-24.45,26.0167,54.09,82,100,10.36
307,Manga,BF,2022-08-02 05:19:46,11.6636,-1.0731,71.42,92,58,10.11
308,Kaseda,JP,2022-08-02 05:19:46,31.4167,130.3167,86.68,71,25,11.83
309,Anyang,CN,2022-08-02 05:19:47,36.0994,114.3289,93.9,48,9,9.98
310,Marsh Harbour,BS,2022-08-02 05:19:48,26.5412,-77.0636,81.63,73,29,10.36
311,Mombetsu,JP,2022-08-02 05:19:48,44.3525,143.3525,68.02,100,75,4.61
312,North Platte,US,2022-08-02 05:19:49,41.1239,-100.7654,78.39,75,42,8.99
313,Mto Wa Mbu,TZ,2022-08-02 05:19:49,-3.35,35.85,65.1,80,68,5.03
314,Olenino,RU,2022-08-02 05:19:50,56.2092,33.4889,64.04,71,99,7.54
315,Te Anau,NZ,2022-08-02 05:20:50,-45.4167,167.7167,48.43,90,90,9.19
316,Portland,US,2022-08-02 05:20:08,45.5234,-122.6762,77.47,67,20,5.75
317,Jussara,BR,2022-08-02 05:20:51,-23.6214,-52.4694,61.97,72,4,6.2
318,Laguna,US,2022-08-02 05:19:09,38.421,-121.4238,77.18,67,0,5.75
319,Nouadhibou,MR,2022-08-02 05:20:51,20.931,-17.0347,70.32,92,54,15.12
320,Hambantota,LK,2022-08-02 05:20:52,6.1241,81.1185,82.22,73,97,26.73
321,Gat,IL,2022-08-02 05:19:24,31.61,34.7642,79.48,100,6,5.57
322,Talas,TR,2022-08-02 05:20:52,38.6908,35.5538,70.47,53,0,1.14
323,Sakakah,SA,2022-08-02 05:20:53,29.9697,40.2064,89.17,16,17,6.2
324,Port Lincoln,AU,2022-08-02 05:20:53,-34.7333,135.8667,52.93,84,100,31.12
325,Port Augusta,AU,2022-08-02 05:20:54,-32.5,137.7667,54.27,62,100,25.7
326,Upata,VE,2022-08-02 05:20:54,8.0086,-62.3989,73.18,97,100,3.04
327,Cabedelo,BR,2022-08-02 05:20:55,-6.9811,-34.8339,74.07,85,69,13.38
328,Tokur,RU,2022-08-02 05:20:55,53.1333,132.9,70.11,65,100,2.91
329,Dingle,PH,2022-08-02 05:20:56,10.9995,122.6711,87.4,68,98,6.26
330,Sindor,RU,2022-08-02 05:20:56,62.8629,51.8905,67.1,74,1,2.24
331,Tabas,IR,2022-08-02 05:20:56,33.5959,56.9244,94.23,17,0,3.8
332,Bara,NG,2022-08-02 05:20:57,10.3744,10.7288,71.1,95,100,8.77
333,Constitucion,CL,2022-08-02 05:20:57,-35.3333,-72.4167,47.55,81,26,6.76
334,Chegutu,ZW,2022-08-02 05:20:58,-18.1302,30.1407,50.99,60,0,9.51
335,Vangaindrano,MG,2022-08-02 05:20:58,-23.35,47.6,66.81,87,60,9.08
336,Butte,US,2022-08-02 05:20:59,39.6499,-121.5677,76.98,73,0,3.44
337,Iranshahr,IR,2022-08-02 05:20:59,27.2025,60.6848,93.54,43,75,4.61
338,Diplo,PK,2022-08-02 05:20:59,24.4667,69.584,88.03,64,88,16.73
339,Takoradi,GH,2022-08-02 05:21:00,4.8845,-1.7554,72.39,81,43,7.81
340,Los Llanos De Aridane,ES,2022-08-02 05:21:00,28.6585,-17.9182,72.12,78,0,16.11
341,Nagato,JP,2022-08-02 05:21:01,34.3833,131.2,89.06,66,45,5.26
342,Lhokseumawe,ID,2022-08-02 05:21:01,5.1801,97.1507,82.06,71,100,0.76
343,Barra Patuca,HN,2022-08-02 05:21:02,15.8,-84.2833,80.2,86,98,10.02
344,Lubumbashi,CD,2022-08-02 05:21:02,-11.6609,27.4794,54.32,66,0,4.47
345,Sobolevo,RU,2022-08-02 05:21:03,54.4299,31.8996,63.68,76,95,6.76
346,Boyolangu,ID,2022-08-02 05:21:03,-8.1181,111.8935,83.34,72,91,7.83
347,Abha,SA,2022-08-02 05:21:03,18.2164,42.5053,59.25,88,75,9.22
348,Boende,CD,2022-08-02 05:21:04,-0.2167,20.8667,71.4,86,99,1.97
349,Tilichiki,RU,2022-08-02 05:21:04,60.4667,166.1,57.02,79,60,7.43
350,Tazovskiy,RU,2022-08-02 05:21:05,67.4667,78.7,54.79,63,81,11.39
351,Qufu,CN,2022-08-02 05:21:05,35.5967,116.9911,92.35,57,10,5.75
352,El Alto,PE,2022-08-02 05:21:05,-4.2714,-81.2147,62.04,88,75,12.82
353,Najran,SA,2022-08-02 05:21:06,17.4924,44.1277,77.65,50,99,12.86
354,Vagay,RU,2022-08-02 05:21:06,57.9375,69.0217,67.59,46,1,7.23
355,Teknaf,BD,2022-08-02 05:21:07,20.8624,92.3058,88.43,66,85,5.57
356,Luau,AO,2022-08-02 05:21:07,-10.7073,22.2247,60.67,40,1,4.27
357,Paso De Los Toros,UY,2022-08-02 05:18:43,-32.8167,-56.5167,48.94,94,82,8.05
358,Naberera,TZ,2022-08-02 05:21:08,-4.2,36.9333,59.07,77,77,10.63
359,Itabira,BR,2022-08-02 05:21:08,-19.6192,-43.2269,56.48,96,7,2.1
360,Dombarovskiy,RU,2022-08-02 05:21:09,50.7587,59.5386,73.35,51,89,6.02
361,Kushima,JP,2022-08-02 05:22:09,31.4583,131.2333,88.11,67,70,7.81
362,Krasnoselkup,RU,2022-08-02 05:22:10,65.7,82.4667,61.79,49,15,20.76
363,Balaka,MW,2022-08-02 05:22:10,-14.9793,34.9558,61.38,85,36,6.8
364,Cherskiy,RU,2022-08-02 05:22:11,68.75,161.3,61.83,77,100,11.5
365,Corner Brook,CA,2022-08-02 05:22:11,48.9667,-57.9484,62.76,94,77,3.91
366,Porbandar,IN,2022-08-02 05:22:11,21.6422,69.6093,84.18,79,75,13.8
367,Kungurtug,RU,2022-08-02 05:22:12,50.5994,97.5228,74.95,39,14,4.07
368,Blind River,CA,2022-08-02 05:22:12,46.1834,-82.9582,60.91,83,77,11.81
369,Walvis Bay,NA,2022-08-02 05:22:13,-22.9575,14.5053,47.08,75,0,5.1
370,Ostersund,SE,2022-08-02 05:22:13,63.1792,14.6357,51.62,87,0,14.97
371,Zhengjiatun,CN,2022-08-02 05:22:14,43.5064,123.5064,89.46,60,8,3.83
372,Saint-Denis,FR,2022-08-02 05:18:35,48.9167,2.3333,66.15,81,0,3.44
373,Dolores,AR,2022-08-02 05:22:14,-36.3132,-57.6792,46.96,86,56,4.25
374,Dwarka,IN,2022-08-02 05:22:15,22.2394,68.9678,82.78,76,99,15.5
375,Halifax,CA,2022-08-02 05:20:02,44.6453,-63.5724,66.09,95,12,1.99
376,Sal Rei,CV,2022-08-02 05:22:16,16.1833,-22.9167,77.41,83,7,6.51
377,Tezu,IN,2022-08-02 05:22:16,27.9167,96.1667,79.02,93,100,0.81
378,Praia Da Vitoria,PT,2022-08-02 05:22:16,38.7333,-27.0667,71.85,88,20,6.73
379,Harper,LR,2022-08-02 05:22:17,4.375,-7.7169,74.86,75,100,8.61
380,Dois Vizinhos,BR,2022-08-02 05:22:17,-25.7336,-53.0572,56.46,94,11,3.58
381,Kismayo,SO,2022-08-02 05:22:18,-0.3582,42.5454,76.17,80,34,16.8
382,Grand Gaube,MU,2022-08-02 05:22:18,-20.0064,57.6608,74.37,68,2,5.01
383,Montepuez,MZ,2022-08-02 05:22:18,-13.1256,38.9997,65.05,81,3,9.17
384,Paamiut,GL,2022-08-02 05:22:19,61.994,-49.6678,44.71,84,100,6.49
385,Soyo,AO,2022-08-02 05:22:19,-6.1349,12.3689,67.69,91,33,9.57
386,Labytnangi,RU,2022-08-02 05:22:20,66.6572,66.4183,65.61,49,25,7.92
387,Olinda,BR,2022-08-02 05:18:32,-8.0089,-34.8553,71.33,94,100,8.05
388,Aranos,NA,2022-08-02 05:22:20,-24.1333,19.1167,54.97,46,79,18.54
389,Sinnamary,GF,2022-08-02 05:22:21,5.3833,-52.95,76.39,89,74,7.31
390,Dubbo,AU,2022-08-02 05:17:30,-32.25,148.6167,62.73,34,9,5.75
391,Inirida,CO,2022-08-02 05:22:21,3.8653,-67.9239,72.43,99,96,2.71
392,San Lawrenz,MT,2022-08-02 05:22:22,36.0553,14.204,78.85,87,0,1.3
393,Tevriz,RU,2022-08-02 05:22:22,57.509,72.4042,66.47,49,4,7.54
394,Korla,CN,2022-08-02 05:22:23,41.7597,86.1469,84.99,31,96,7.78
395,Gizo,SB,2022-08-02 05:22:23,-8.103,156.8419,85.89,63,22,6.69
396,Mantua,IT,2022-08-02 05:22:23,45.1667,10.7833,77.95,66,100,10.0
397,Shimoda,JP,2022-08-02 05:22:24,34.6667,138.95,96.1,73,100,14.36
398,Pravia,ES,2022-08-02 05:22:24,43.4906,-6.1508,67.23,88,75,6.91
399,Udachnyy,RU,2022-08-02 05:22:25,66.4167,112.4,48.45,93,100,14.76
400,Mahibadhoo,MV,2022-08-02 05:22:25,3.7833,72.9667,82.18,75,99,18.77
401,Thiadiaye,SN,2022-08-02 05:22:26,14.4205,-16.7056,77.81,84,79,7.43
402,Clovis,US,2022-08-02 05:20:01,36.8252,-119.7029,87.84,48,30,1.01
403,Skjervoy,NO,2022-08-02 05:22:26,70.0311,20.9714,62.6,88,43,4.21
404,Beterou,BJ,2022-08-02 05:22:27,9.1992,2.2586,67.24,99,76,4.27
405,Miles City,US,2022-08-02 05:22:27,46.4083,-105.8406,81.57,16,0,6.91
406,Biak,ID,2022-08-02 05:22:27,-0.9131,122.8766,81.64,73,100,5.39
407,Ketchikan,US,2022-08-02 05:22:28,55.3422,-131.6461,63.07,77,75,0.0
408,Touros,BR,2022-08-02 05:22:07,-5.1989,-35.4608,72.07,85,15,12.62
409,Vestmanna,FO,2022-08-02 05:23:28,62.1564,-7.1664,49.12,87,75,11.5
410,Imeni Poliny Osipenko,RU,2022-08-02 05:23:29,52.4201,136.4853,64.98,88,100,8.9
411,Falmouth,GB,2022-08-02 05:23:29,50.1544,-5.0711,67.1,100,100,11.5
412,Hovd,MN,2022-08-02 05:23:30,48.0056,91.6419,76.66,20,100,0.43
413,Samarai,PG,2022-08-02 05:23:30,-10.6167,150.6667,81.27,81,21,12.17
414,Port Hawkesbury,CA,2022-08-02 05:23:31,45.6169,-61.3485,66.18,93,100,5.75
415,Yeniseysk,RU,2022-08-02 05:23:31,58.4497,92.1703,60.96,55,49,7.18
416,Cap Malheureux,MU,2022-08-02 05:23:31,-19.9842,57.6142,74.46,68,2,5.01
417,Cascas,PE,2022-08-02 05:23:10,-7.4833,-78.8167,62.87,75,5,1.23
418,Kavaratti,IN,2022-08-02 05:23:32,10.5669,72.642,76.69,89,100,26.49
419,Benguela,AO,2022-08-02 05:23:33,-12.5763,13.4055,62.01,87,9,1.88
420,Isangel,VU,2022-08-02 05:23:33,-19.55,169.2667,78.4,80,69,12.28
421,Borovoy,RU,2022-08-02 05:23:34,55.4333,86.0833,63.68,72,75,13.42
422,Axente Sever,RO,2022-08-02 05:23:34,46.1,24.2167,64.78,77,63,1.83
423,Garissa,KE,2022-08-02 05:23:35,-0.4536,39.6401,73.76,74,46,16.84
424,Roald,NO,2022-08-02 05:23:35,62.5833,6.1333,57.76,76,0,5.75
425,Severnyy,RU,2022-08-02 05:23:35,50.677,36.5532,66.24,77,0,2.24
426,Itarema,BR,2022-08-02 05:23:36,-2.9248,-39.9167,77.99,80,58,14.94
427,Pyapon,MM,2022-08-02 05:23:36,16.2833,95.6833,79.75,87,100,8.46
428,Namtsy,RU,2022-08-02 05:23:37,62.7161,129.6658,62.78,95,100,4.09
429,Khandyga,RU,2022-08-02 05:23:37,62.6667,135.6,66.18,81,100,1.52
430,Garowe,SO,2022-08-02 05:23:38,8.4054,48.4845,78.51,50,1,27.65
431,Mehamn,NO,2022-08-02 05:23:38,71.0357,27.8492,58.95,88,0,0.0
432,Kropotkin,RU,2022-08-02 05:23:38,45.4375,40.5756,80.76,61,4,8.88
433,Syracuse,IT,2022-08-02 05:23:39,37.0881,15.2792,74.79,65,0,6.35
434,Santa Maria,BR,2022-08-02 05:22:11,-29.6842,-53.8069,53.6,93,51,4.72
435,Qui Nhon,VN,2022-08-02 05:23:39,13.7667,109.2333,86.49,67,82,7.85
436,Kojnare,BG,2022-08-02 05:23:40,43.35,24.1333,66.31,49,0,6.71
437,Morristown,US,2022-08-02 05:23:21,36.214,-83.2949,72.95,81,100,4.61
438,Champerico,GT,2022-08-02 05:23:40,14.3,-91.9167,80.82,83,28,4.41
439,Belaya Gora,RU,2022-08-02 05:23:41,68.5333,146.4167,56.61,90,100,9.86
440,Tikaitnagar,IN,2022-08-02 05:23:41,26.95,81.5833,88.66,64,94,7.38
441,Abonnema,NG,2022-08-02 05:23:42,4.7084,6.7931,74.19,85,100,4.52
442,Bana,CM,2022-08-02 05:23:42,5.1481,10.2762,59.79,99,100,1.86
443,Gauripur,IN,2022-08-02 05:23:42,26.0835,89.9616,86.83,73,100,5.14
444,Bandarbeyla,SO,2022-08-02 05:23:43,9.4942,50.8122,81.81,55,24,27.96
445,Sawakin,SD,2022-08-02 05:23:43,19.1059,37.3321,89.44,54,100,17.56
446,Huarmey,PE,2022-08-02 05:23:44,-10.0681,-78.1522,62.37,86,52,7.63
447,Ampanihy,MG,2022-08-02 05:23:44,-24.7,44.75,65.08,68,98,13.47
448,Tomatlan,MX,2022-08-02 05:23:45,19.9333,-105.25,77.47,91,25,2.01
449,Viking,CA,2022-08-02 05:23:45,53.1001,-111.7684,62.73,98,100,6.44
450,Leo,BF,2022-08-02 05:23:45,11.1,-2.1,70.79,92,84,9.66
451,Alexandria,EG,2022-08-02 05:22:14,31.2156,29.9553,81.86,72,0,12.37
452,Acapulco,MX,2022-08-02 05:22:51,16.8634,-99.8901,82.22,83,75,3.44
453,Cortez,US,2022-08-02 05:23:46,37.3489,-108.5859,65.16,70,0,6.91
454,Quatre Cocos,MU,2022-08-02 05:23:47,-20.2078,57.7625,74.08,61,16,9.78
455,Kasempa,ZM,2022-08-02 05:24:47,-13.4584,25.8338,55.44,61,2,10.33
456,Zatoka,UA,2022-08-02 05:24:47,46.0725,30.4654,70.32,75,0,18.05
457,Srednekolymsk,RU,2022-08-02 05:24:48,67.45,153.6833,69.93,75,98,5.88
458,Komsomolskiy,UZ,2022-08-02 05:24:48,40.4272,71.7189,86.72,26,26,6.91
459,Yecuatla,MX,2022-08-02 05:24:49,19.8667,-96.75,72.18,87,32,4.97
460,Alyangula,AU,2022-08-02 05:24:49,-13.8483,136.4192,80.02,64,68,8.68
461,Nioro,GM,2022-08-02 05:24:49,13.35,-15.75,74.73,95,99,5.66
462,Fethiye,TR,2022-08-02 05:24:50,36.6217,29.1164,84.07,42,0,1.5
463,Pakruojis,LT,2022-08-02 05:24:50,55.9667,23.8667,61.59,88,0,4.92
464,Beringovskiy,RU,2022-08-02 05:24:51,63.05,179.3167,54.21,72,12,7.45
465,San Quintin,MX,2022-08-02 05:24:51,30.4833,-115.95,70.45,81,0,7.31
466,Vanimo,PG,2022-08-02 05:24:51,-2.6741,141.3028,86.18,65,93,9.98
467,Pochutla,MX,2022-08-02 05:24:52,15.7432,-96.4661,78.82,89,61,4.09
468,Fort Nelson,CA,2022-08-02 05:24:52,58.8053,-122.7002,56.79,88,75,2.3
469,Jimeta,NG,2022-08-02 05:24:53,9.2833,12.4667,71.83,94,100,4.45
470,Mancio Lima,BR,2022-08-02 05:24:53,-7.6142,-72.8958,75.27,100,100,2.3
471,Ternuvate,UA,2022-08-02 05:24:54,47.8305,36.1276,69.01,82,100,9.42
472,San Vicente,AR,2022-08-02 05:24:54,-26.6167,-54.1333,57.07,85,27,2.89
473,Syava,RU,2022-08-02 05:24:55,58.0146,46.3222,66.13,63,74,3.42
474,Batemans Bay,AU,2022-08-02 05:24:55,-35.7167,150.1833,60.1,41,4,6.42
475,Keti Bandar,PK,2022-08-02 05:24:09,24.1447,67.4497,83.28,80,91,16.84
476,Udimskiy,RU,2022-08-02 05:24:56,61.1417,45.9144,64.98,60,66,2.42
477,Alofi,NU,2022-08-02 05:24:56,-19.0595,-169.9187,75.09,88,10,10.36
478,Dunhua,CN,2022-08-02 05:24:56,43.3725,128.2425,85.87,61,2,3.49
479,Harwich,GB,2022-08-02 05:24:57,51.9419,1.2844,68.22,80,100,5.99
480,Olafsvik,IS,2022-08-02 05:24:57,64.8945,-23.7142,47.14,75,70,23.42
481,Caravelas,BR,2022-08-02 05:24:58,-17.7125,-39.2481,69.15,87,5,4.72
482,Bitburg,DE,2022-08-02 05:24:58,49.9667,6.5333,61.3,88,0,0.0
483,Filingue,NE,2022-08-02 05:24:59,14.3521,3.3168,80.08,70,77,12.24
484,Varkaus,FI,2022-08-02 05:24:59,62.3153,27.873,60.31,93,96,2.89
485,Bien Hoa,VN,2022-08-02 05:22:25,10.95,106.8167,87.78,66,88,7.34
486,Urusha,RU,2022-08-02 05:25:00,54.05,122.9,77.86,52,95,5.97
487,Moussoro,TD,2022-08-02 05:25:00,13.6408,16.4901,74.14,84,96,6.82
488,Northam,GB,2022-08-02 05:25:01,51.0333,-4.2167,66.38,97,100,17.13
489,Cabinda,AO,2022-08-02 05:25:01,-5.55,12.2,67.64,94,18,7.78
490,Kankan,GN,2022-08-02 05:25:02,10.3854,-9.3057,69.28,97,96,7.16
491,Vredendal,ZA,2022-08-02 05:25:02,-31.6683,18.5012,57.76,28,83,6.15
492,Jalu,LY,2022-08-02 05:25:03,29.0331,21.5482,78.21,65,0,8.61
493,Iqaluit,CA,2022-08-02 05:25:03,63.7506,-68.5145,46.13,87,75,1.99
494,Port Blair,IN,2022-08-02 05:25:04,11.6667,92.75,86.04,74,40,10.36
495,Kushiro,JP,2022-08-02 05:25:04,42.975,144.3747,61.75,100,75,6.91
496,Cabo San Lucas,MX,2022-08-02 05:23:41,22.8909,-109.9124,84.61,78,90,9.44
497,Ambilobe,MG,2022-08-02 05:25:05,-13.2,49.05,73.9,59,0,4.9
498,Mandalgovi,MN,2022-08-02 05:22:58,45.7625,106.2708,77.09,42,0,7.56
499,Jumla,NP,2022-08-02 05:25:05,29.2747,82.1838,72.21,73,91,5.21
500,Goderich,CA,2022-08-02 05:26:06,43.7501,-81.7165,68.92,82,47,13.8
501,Sembakung,ID,2022-08-02 05:26:06,3.8167,117.25,86.81,60,99,1.83
502,Kamaishi,JP,2022-08-02 05:26:07,39.2667,141.8833,80.73,80,80,11.7
503,Esperance,AU,2022-08-02 05:26:07,-33.8667,121.9,58.84,58,69,33.67
504,Poum,NC,2022-08-02 05:26:08,-20.2333,164.0167,76.03,81,17,8.3
505,Codrington,AU,2022-08-02 05:26:08,-38.2667,141.9667,57.42,56,100,22.12
506,Pemangkat,ID,2022-08-02 05:26:09,1.1667,108.9667,85.6,66,99,5.3
507,Lata,PT,2022-08-02 05:26:09,40.1629,-8.3327,64.81,75,0,1.16
508,Unguia,CO,2022-08-02 05:26:10,8.0434,-77.0945,74.57,98,100,2.37
509,Nome,US,2022-08-02 05:26:10,64.5011,-165.4064,67.15,77,75,3.44
510,Charters Towers,AU,2022-08-02 05:26:11,-20.1,146.2667,79.86,44,57,9.46
511,Merauke,ID,2022-08-02 05:26:11,-8.4667,140.3333,80.47,83,93,15.73
512,Drawsko Pomorskie,PL,2022-08-02 05:26:11,53.5306,15.8097,60.08,91,46,3.49
513,Sterling,US,2022-08-02 05:25:01,39.0062,-77.4286,75.54,96,20,3.44
514,Leshan,CN,2022-08-02 05:26:12,29.5623,103.7639,80.65,84,94,0.51
515,Montlucon,FR,2022-08-02 05:26:12,46.3333,2.6,57.7,96,48,1.81
516,San Juan,AR,2022-08-02 05:25:26,-31.5375,-68.5364,54.3,37,27,2.48
517,Gorontalo,ID,2022-08-02 05:26:13,0.5412,123.0595,85.64,70,79,4.43
518,Beachwood,US,2022-08-02 05:26:13,41.4645,-81.5087,74.86,85,0,8.05
519,Pisco,PE,2022-08-02 05:26:14,-13.7,-76.2167,54.01,87,4,3.44
520,Andenes,NO,2022-08-02 05:26:14,69.3143,16.1194,53.58,87,75,11.5
521,Coquimbo,CL,2022-08-02 05:21:16,-29.9533,-71.3436,55.13,82,100,4.61
522,Villazon,BO,2022-08-02 05:26:15,-22.0866,-65.5942,36.66,53,0,1.23
523,Kargil,IN,2022-08-02 05:26:15,34.5667,76.1,59.79,43,10,1.59
524,Shaunavon,CA,2022-08-02 05:26:16,49.6501,-108.4181,71.38,37,2,9.86
525,Ust-Omchug,RU,2022-08-02 05:26:16,61.15,149.6333,59.47,72,100,7.96
526,Jeremie,HT,2022-08-02 05:26:16,18.65,-74.1167,81.14,82,61,5.3
527,Kingaroy,AU,2022-08-02 05:26:17,-26.5333,151.8333,69.85,42,44,0.51
528,Bubaque,GW,2022-08-02 05:26:17,11.2833,-15.8333,78.91,80,95,14.83
529,Nalut,LY,2022-08-02 05:26:18,30.3333,10.85,80.13,35,0,9.28
530,Asfi,MA,2022-08-02 05:26:18,32.2994,-9.2372,75.4,75,41,14.74
531,Candido Mendes,BR,2022-08-02 05:26:19,-1.4467,-45.7167,73.53,96,73,3.65
532,Marsa Matruh,EG,2022-08-02 05:26:19,31.3525,27.2453,79.84,79,0,12.75
533,Faya,SA,2022-08-02 05:26:19,18.3851,42.4509,59.52,69,100,5.44
534,Nishihara,JP,2022-08-02 05:26:20,26.1842,127.7558,88.88,70,40,13.8
535,Toropets,RU,2022-08-02 05:26:20,56.4978,31.6353,64.6,76,100,6.69
536,Tura,IN,2022-08-02 05:26:21,25.5198,90.2201,83.91,76,100,2.98
537,San Miguel Ixtahuacan,GT,2022-08-02 05:26:21,15.25,-91.75,57.96,95,62,4.07
538,Omboue,GA,2022-08-02 05:26:21,-1.5746,9.2618,72.07,78,62,3.36
539,Koygorodok,RU,2022-08-02 05:26:22,60.445,50.9968,69.8,67,35,3.2
540,Naze,JP,2022-08-02 05:25:27,28.3667,129.4833,86.92,77,66,10.69
541,Tshikapa,CD,2022-08-02 05:23:19,-6.4167,20.8,71.11,71,21,1.34
542,San Jose,US,2022-08-02 05:22:00,37.3394,-121.895,76.59,57,20,4.61
543,Ippy,CF,2022-08-02 05:26:23,6.2679,21.2247,67.42,96,96,2.08
544,Vanavara,RU,2022-08-02 05:26:23,60.34,102.2797,65.93,79,100,5.5
545,Bayan,CN,2022-08-02 05:27:24,46.0833,127.4,89.37,57,68,9.08
546,Hervey Bay,AU,2022-08-02 05:27:25,-25.2986,152.8535,67.06,68,65,4.45
547,Vestmannaeyjar,IS,2022-08-02 05:27:25,63.4427,-20.2734,46.17,76,23,14.72
548,Healesville,AU,2022-08-02 05:27:26,-37.65,145.5167,61.2,59,81,1.01
549,Praia,CV,2022-08-02 05:27:26,14.9215,-23.5087,73.94,83,20,4.61
550,Bagotville,AU,2022-08-02 05:27:27,-28.9833,153.4167,67.64,67,0,6.62
551,La Porte,US,2022-08-02 05:26:21,29.6658,-95.0194,84.02,82,20,5.75
552,Nanning,CN,2022-08-02 05:22:42,22.8167,108.3167,93.65,47,32,7.4
553,Maltahohe,NA,2022-08-02 05:27:28,-24.8333,16.9833,41.94,91,6,4.83
554,Tateyama,JP,2022-08-02 05:27:28,34.9833,139.8667,83.93,82,100,16.53
555,Budingen,DE,2022-08-02 05:27:28,50.3,9.1167,64.85,89,71,2.42
556,Lander,US,2022-08-02 05:26:52,42.833,-108.7307,81.0,27,0,10.36
557,Poitiers,FR,2022-08-02 05:27:29,46.5833,0.3333,66.78,50,0,4.61
558,Miri,MY,2022-08-02 05:27:29,4.4148,114.0089,89.74,70,40,8.05
559,Ayagoz,KZ,2022-08-02 05:27:30,47.9714,80.4392,77.34,39,12,5.82
560,Jhang,PK,2022-08-02 05:27:30,33.6748,72.6963,86.61,54,1,2.01
561,Half Moon Bay,US,2022-08-02 05:27:31,37.4636,-122.4286,74.88,80,0,11.5
562,Ocean City,US,2022-08-02 05:27:31,39.2776,-74.5746,73.98,89,1,5.01
563,Kazerun,IR,2022-08-02 05:27:32,29.6195,51.6541,91.56,36,85,2.13
564,Bay Roberts,CA,2022-08-02 05:27:32,47.5999,-53.2648,67.75,92,99,1.99
565,Tabou,CI,2022-08-02 05:27:33,4.423,-7.3528,74.46,77,98,8.34
566,Sibolga,ID,2022-08-02 05:27:33,1.7427,98.7792,79.84,85,100,2.26
567,Arlit,NE,2022-08-02 05:27:33,18.7369,7.3853,84.4,47,99,12.06
568,Hobyo,SO,2022-08-02 05:27:34,5.3505,48.5268,78.15,73,6,21.79
569,Vuktyl,RU,2022-08-02 05:27:34,63.8567,57.3094,70.11,42,63,6.85
